,Pred_Backdoor_Malware,Pred_BenignTraffic,Pred_BrowserHijacking,Pred_CommandInjection,Pred_DDoS-ACK_Fragmentation,Pred_DDoS-HTTP_Flood,Pred_DDoS-ICMP_Flood,Pred_DDoS-ICMP_Fragmentation,Pred_DDoS-PSHACK_Flood,Pred_DDoS-RSTFINFlood,Pred_DDoS-SYN_Flood,Pred_DDoS-SlowLoris,Pred_DDoS-SynonymousIP_Flood,Pred_DDoS-TCP_Flood,Pred_DDoS-UDP_Flood,Pred_DDoS-UDP_Fragmentation,Pred_DictionaryBruteForce,Pred_DNS_Spoofing,Pred_DoS-HTTP_Flood,Pred_DoS-SYN_Flood,Pred_DoS-TCP_Flood,Pred_DoS-UDP_Flood,Pred_MITM-ArpSpoofing,Pred_Mirai-greeth_flood,Pred_Mirai-greip_flood,Pred_Mirai-udpplain,Pred_Recon-HostDiscovery,Pred_Recon-OSScan,Pred_Recon-PingSweep,Pred_Recon-PortScan,Pred_SqlInjection,Pred_Uploading_Attack,Pred_VulnerabilityScan,Pred_XSS
Real_Backdoor_Malware,0.2875,0.0375,0.0425,0.0725,0.0,0.0,0.0,0.0,0.0,0.0,0.0,0.0,0.0,0.0,0.0,0.0,0.025,0.01,0.0,0.0,0.0,0.0,0.01,0.0,0.0,0.0,0.0275,0.015,0.04,0.005,0.0775,0.0725,0.0325,0.245
Real_BenignTraffic,0.0275,0.4075,0.0475,0.0175,0.0,0.0,0.0,0.0,0.0,0.0,0.0,0.0,0.0,0.0,0.0,0.0,0.03,0.015,0.0,0.0,0.0,0.0,0.0125,0.0,0.0,0.0,0.0025,0.1025,0.0725,0.0275,0.0675,0.0175,0.1225,0.03
Real_BrowserHijacking,0.085,0.055,0.4825,0.0225,0.0,0.0,0.0,0.0,0.0,0.0,0.0,0.0,0.0,0.0,0.0,0.0,0.035,0.005,0.0,0.0,0.0,0.0,0.0375,0.0,0.0,0.0,0.03,0.0075,0.04,0.01,0.0375,0.0125,0.05,0.09
Real_CommandInjection,0.1425,0.0425,0.0325,0.3025,0.0,0.0,0.0,0.0,0.0,0.0,0.0,0.0,0.0,0.0,0.0,0.0,0.0275,0.0,0.0,0.0,0.0,0.0,0.0025,0.0,0.0,0.0,0.0275,0.01,0.035,0.005,0.035,0.0875,0.0225,0.2275
Real_DDoS-ACK_Fragmentation,0.0,0.0,0.0,0.0,0.975,0.0,0.0,0.0,0.0,0.0,0.0,0.025,0.0,0.0,0.0,0.0,0.0,0.0,0.0,0.0,0.0,0.0,0.0,0.0,0.0,0.0,0.0,0.0,0.0,0.0,0.0,0.0,0.0,0.0
Real_DDoS-HTTP_Flood,0.0,0.0,0.0,0.0,0.0,0.8025,0.0,0.0,0.0,0.0025,0.0,0.02,0.0,0.0,0.0,0.0025,0.0,0.0,0.1725,0.0,0.0,0.0,0.0,0.0,0.0,0.0,0.0,0.0,0.0,0.0,0.0,0.0,0.0,0.0
Real_DDoS-ICMP_Flood,0.0,0.0,0.0,0.0,0.0,0.0,1.0,0.0,0.0,0.0,0.0,0.0,0.0,0.0,0.0,0.0,0.0,0.0,0.0,0.0,0.0,0.0,0.0,0.0,0.0,0.0,0.0,0.0,0.0,0.0,0.0,0.0,0.0,0.0
Real_DDoS-ICMP_Fragmentation,0.0,0.0,0.0,0.0,0.0,0.0,0.0,0.9925,0.0,0.0,0.0,0.0075,0.0,0.0,0.0,0.0,0.0,0.0,0.0,0.0,0.0,0.0,0.0,0.0,0.0,0.0,0.0,0.0,0.0,0.0,0.0,0.0,0.0,0.0
Real_DDoS-PSHACK_Flood,0.0,0.0,0.0,0.0,0.0,0.0,0.0,0.0,0.9975,0.0,0.0,0.0,0.0,0.0,0.0,0.0,0.0,0.0,0.0,0.0,0.0025,0.0,0.0,0.0,0.0,0.0,0.0,0.0,0.0,0.0,0.0,0.0,0.0,0.0
Real_DDoS-RSTFINFlood,0.0,0.0,0.0,0.0,0.0,0.0,0.0,0.0,0.0,1.0,0.0,0.0,0.0,0.0,0.0,0.0,0.0,0.0,0.0,0.0,0.0,0.0,0.0,0.0,0.0,0.0,0.0,0.0,0.0,0.0,0.0,0.0,0.0,0.0
Real_DDoS-SYN_Flood,0.0,0.0,0.0,0.0,0.0,0.0,0.0,0.0,0.0,0.0,0.4775,0.0,0.3525,0.0,0.0,0.0,0.0,0.0,0.0,0.1675,0.0,0.0,0.0,0.0,0.0,0.0,0.0,0.0,0.0,0.0025,0.0,0.0,0.0,0.0
Real_DDoS-SlowLoris,0.0,0.0,0.0,0.0,0.0075,0.0125,0.0,0.0,0.0,0.0025,0.0,0.9775,0.0,0.0,0.0,0.0,0.0,0.0,0.0,0.0,0.0,0.0,0.0,0.0,0.0,0.0,0.0,0.0,0.0,0.0,0.0,0.0,0.0,0.0
Real_DDoS-SynonymousIP_Flood,0.0,0.0,0.0,0.0,0.0,0.0,0.0,0.0,0.0,0.0,0.2575,0.0,0.68,0.0,0.0,0.0,0.0,0.0,0.0,0.0625,0.0,0.0,0.0,0.0,0.0,0.0,0.0,0.0,0.0,0.0,0.0,0.0,0.0,0.0
Real_DDoS-TCP_Flood,0.0,0.0,0.0,0.0,0.0,0.0,0.0,0.0,0.0,0.0,0.0,0.0025,0.0,0.7575,0.0,0.0,0.0,0.0,0.0,0.0,0.24,0.0,0.0,0.0,0.0,0.0,0.0,0.0,0.0,0.0,0.0,0.0,0.0,0.0
Real_DDoS-UDP_Flood,0.0,0.0,0.0,0.0,0.0,0.0,0.0,0.0,0.0,0.0,0.0,0.0,0.0,0.0,0.7225,0.0,0.0,0.0,0.0,0.0,0.0,0.2775,0.0,0.0,0.0,0.0,0.0,0.0,0.0,0.0,0.0,0.0,0.0,0.0
Real_DDoS-UDP_Fragmentation,0.0,0.0,0.0,0.0,0.005,0.0,0.0,0.0,0.0,0.0,0.0,0.0075,0.0,0.0,0.0,0.9875,0.0,0.0,0.0,0.0,0.0,0.0,0.0,0.0,0.0,0.0,0.0,0.0,0.0,0.0,0.0,0.0,0.0,0.0
Real_DictionaryBruteForce,0.055,0.07,0.05,0.035,0.0,0.0,0.0,0.0,0.0,0.0,0.0,0.0,0.0,0.0,0.0,0.0,0.4625,0.005,0.0,0.0,0.0,0.0,0.005,0.0,0.0,0.0,0.04,0.045,0.05,0.0125,0.0275,0.0175,0.0475,0.0775
Real_DNS_Spoofing,0.0225,0.0175,0.0175,0.0025,0.0,0.0,0.0,0.0,0.0,0.0,0.0,0.0,0.0,0.0,0.0,0.0,0.0075,0.6925,0.0,0.0,0.0,0.0,0.145,0.0,0.0,0.0,0.0025,0.0125,0.0175,0.0,0.0225,0.005,0.0175,0.0175
Real_DoS-HTTP_Flood,0.0,0.0,0.0,0.0,0.0,0.085,0.0,0.0,0.0,0.0,0.0,0.005,0.0,0.0,0.0,0.0,0.0,0.0,0.9075,0.0,0.0,0.0,0.0,0.0,0.0,0.0,0.0,0.0,0.0,0.0,0.0,0.0,0.0025,0.0
Real_DoS-SYN_Flood,0.0,0.0,0.0,0.0,0.0,0.0,0.0,0.0,0.0,0.0,0.1875,0.0,0.13,0.0,0.0,0.0,0.0,0.0,0.0,0.6825,0.0,0.0,0.0,0.0,0.0,0.0,0.0,0.0,0.0,0.0,0.0,0.0,0.0,0.0
Real_DoS-TCP_Flood,0.0,0.0,0.0,0.0,0.0,0.0,0.0,0.0,0.0,0.0,0.0,0.0,0.0,0.31,0.0,0.0,0.0,0.0,0.0,0.0,0.69,0.0,0.0,0.0,0.0,0.0,0.0,0.0,0.0,0.0,0.0,0.0,0.0,0.0
Real_DoS-UDP_Flood,0.0,0.0,0.0,0.0,0.0,0.0,0.0,0.0,0.0,0.0,0.0,0.0,0.0,0.0,0.3175,0.0,0.0,0.0,0.0,0.0,0.0,0.68,0.0,0.0,0.0,0.0025,0.0,0.0,0.0,0.0,0.0,0.0,0.0,0.0
Real_MITM-ArpSpoofing,0.035,0.01,0.0225,0.015,0.0,0.0,0.0025,0.0,0.0,0.0,0.0,0.0,0.0,0.0,0.0,0.0,0.015,0.18,0.0,0.0,0.0,0.0,0.6525,0.0,0.0,0.0,0.0,0.0,0.0225,0.005,0.01,0.01,0.005,0.015
Real_Mirai-greeth_flood,0.0,0.0,0.0,0.0,0.0,0.0,0.0,0.0025,0.0,0.0,0.0,0.01,0.0,0.0,0.0,0.0,0.0,0.0,0.0,0.0,0.0,0.0,0.0,0.975,0.0125,0.0,0.0,0.0,0.0,0.0,0.0,0.0,0.0,0.0
Real_Mirai-greip_flood,0.0,0.0,0.0,0.0,0.0025,0.0,0.0,0.0,0.0,0.0,0.0,0.0,0.0,0.0,0.0,0.0,0.0,0.0,0.0,0.0,0.0,0.0,0.0,0.0025,0.995,0.0,0.0,0.0,0.0,0.0,0.0,0.0,0.0,0.0
Real_Mirai-udpplain,0.0,0.0,0.0,0.0,0.0,0.0,0.0,0.0,0.0,0.0,0.0,0.0075,0.0,0.0,0.0,0.0,0.0,0.0,0.0,0.0,0.0,0.0,0.0,0.0,0.0,0.9925,0.0,0.0,0.0,0.0,0.0,0.0,0.0,0.0
Real_Recon-HostDiscovery,0.045,0.0275,0.0575,0.02,0.0,0.0,0.0,0.0,0.0,0.0,0.0,0.0,0.0,0.0,0.0,0.0,0.0575,0.0025,0.0,0.0,0.0,0.0,0.005,0.0,0.0,0.0,0.5525,0.035,0.015,0.04,0.02,0.0175,0.035,0.07
Real_Recon-OSScan,0.0225,0.1525,0.0275,0.0075,0.0,0.0,0.0,0.0,0.0,0.0,0.0,0.0,0.0,0.0,0.0,0.0,0.0525,0.0,0.0,0.0,0.0,0.0,0.0125,0.0,0.0,0.0,0.045,0.255,0.07,0.1575,0.1125,0.0,0.0675,0.0175
Real_Recon-PingSweep,0.03,0.0825,0.015,0.0175,0.0,0.0,0.0,0.0,0.0,0.0,0.0,0.0,0.0,0.0,0.0,0.0,0.0725,0.0075,0.0,0.0,0.0,0.0,0.0075,0.0,0.0,0.0,0.005,0.055,0.365,0.0275,0.14,0.0125,0.135,0.0275
Real_Recon-PortScan,0.03,0.0825,0.015,0.0125,0.0,0.0,0.0,0.0,0.0,0.0,0.0,0.0,0.0,0.0,0.0,0.0,0.05,0.0025,0.0,0.0,0.0,0.0,0.0025,0.0,0.0,0.0,0.0825,0.1625,0.06,0.2775,0.1175,0.005,0.085,0.015
Real_SqlInjection,0.0425,0.0525,0.035,0.0175,0.0,0.0,0.0,0.0,0.0,0.0,0.0,0.0,0.0,0.0,0.0,0.0,0.0275,0.0,0.0,0.0,0.0,0.0,0.0,0.0,0.0,0.0,0.0075,0.0275,0.07,0.0325,0.425,0.015,0.18,0.0675
Real_Uploading_Attack,0.148,0.056,0.04,0.124,0.0,0.0,0.0,0.0,0.0,0.0,0.0,0.0,0.0,0.0,0.0,0.0,0.028,0.004,0.0,0.0,0.0,0.0,0.016,0.0,0.0,0.0,0.012,0.004,0.024,0.004,0.068,0.192,0.024,0.256
Real_VulnerabilityScan,0.0325,0.06,0.0425,0.0275,0.0,0.0,0.0,0.0,0.0,0.0,0.0,0.0,0.0,0.0,0.0,0.0,0.045,0.01,0.0,0.0,0.0,0.0,0.01,0.0,0.0,0.0,0.0325,0.03,0.0675,0.0375,0.2225,0.015,0.305,0.0625
Real_XSS,0.1725,0.0425,0.035,0.1,0.0,0.0,0.0,0.0,0.0,0.0,0.0,0.0,0.0,0.0,0.0,0.0,0.05,0.01,0.0,0.0,0.0,0.0,0.005,0.0,0.0,0.0,0.025,0.0175,0.0175,0.01,0.06,0.105,0.035,0.315
