pipeline,generation,mutation_count,crossover_count,predecessor,operator_count,internal_cv_score
GaussianNB(input_matrix),0,0,0,"('ROOT',)",1,0.7462584699038948
"RandomForestClassifier(MinMaxScaler(input_matrix), RandomForestClassifier__bootstrap=True, RandomForestClassifier__criterion=gini, RandomForestClassifier__max_features=0.2, RandomForestClassifier__min_samples_leaf=8, RandomForestClassifier__min_samples_split=4, RandomForestClassifier__n_estimators=100)",0,0,0,"('ROOT',)",2,0.9887484342087488
"KNeighborsClassifier(input_matrix, KNeighborsClassifier__n_neighbors=3, KNeighborsClassifier__p=1, KNeighborsClassifier__weights=distance)",0,0,0,"('ROOT',)",1,0.9787462636571871
"LinearSVC(SelectFwe(input_matrix, SelectFwe__alpha=0.036000000000000004), LinearSVC__C=0.0001, LinearSVC__dual=True, LinearSVC__loss=squared_hinge, LinearSVC__penalty=l2, LinearSVC__tol=0.001)",0,0,0,"('ROOT',)",2,0.9053940188998899
"ExtraTreesClassifier(input_matrix, ExtraTreesClassifier__bootstrap=False, ExtraTreesClassifier__criterion=entropy, ExtraTreesClassifier__max_features=0.35000000000000003, ExtraTreesClassifier__min_samples_leaf=18, ExtraTreesClassifier__min_samples_split=9, ExtraTreesClassifier__n_estimators=100)",0,0,0,"('ROOT',)",1,0.987185060362809
"ExtraTreesClassifier(input_matrix, ExtraTreesClassifier__bootstrap=True, ExtraTreesClassifier__criterion=entropy, ExtraTreesClassifier__max_features=0.8, ExtraTreesClassifier__min_samples_leaf=19, ExtraTreesClassifier__min_samples_split=5, ExtraTreesClassifier__n_estimators=100)",0,0,0,"('ROOT',)",1,0.9868723077160905
"MLPClassifier(RobustScaler(input_matrix), MLPClassifier__alpha=0.0001, MLPClassifier__learning_rate_init=0.01)",0,0,0,"('ROOT',)",2,0.9871866583792898
"LinearSVC(FastICA(input_matrix, FastICA__tol=0.0), LinearSVC__C=5.0, LinearSVC__dual=False, LinearSVC__loss=squared_hinge, LinearSVC__penalty=l1, LinearSVC__tol=0.1)",0,0,0,"('ROOT',)",2,0.9884358052422458
"RandomForestClassifier(PolynomialFeatures(input_matrix, PolynomialFeatures__degree=2, PolynomialFeatures__include_bias=False, PolynomialFeatures__interaction_only=False), RandomForestClassifier__bootstrap=True, RandomForestClassifier__criterion=entropy, RandomForestClassifier__max_features=0.05, RandomForestClassifier__min_samples_leaf=1, RandomForestClassifier__min_samples_split=16, RandomForestClassifier__n_estimators=100)",0,0,0,"('ROOT',)",2,0.9896862432689295
"MultinomialNB(input_matrix, MultinomialNB__alpha=0.01, MultinomialNB__fit_prior=True)",0,0,0,"('ROOT',)",1,0.8268914942383858
"LinearSVC(input_matrix, LinearSVC__C=5.0, LinearSVC__dual=False, LinearSVC__loss=squared_hinge, LinearSVC__penalty=l1, LinearSVC__tol=0.1)",1,1,0,"('LinearSVC(FastICA(input_matrix, FastICA__tol=0.0), LinearSVC__C=5.0, LinearSVC__dual=False, LinearSVC__loss=squared_hinge, LinearSVC__penalty=l1, LinearSVC__tol=0.1)',)",1,0.9884359563418714
"ExtraTreesClassifier(input_matrix, ExtraTreesClassifier__bootstrap=False, ExtraTreesClassifier__criterion=entropy, ExtraTreesClassifier__max_features=0.5, ExtraTreesClassifier__min_samples_leaf=18, ExtraTreesClassifier__min_samples_split=9, ExtraTreesClassifier__n_estimators=100)",1,1,0,"('ExtraTreesClassifier(input_matrix, ExtraTreesClassifier__bootstrap=False, ExtraTreesClassifier__criterion=entropy, ExtraTreesClassifier__max_features=0.35000000000000003, ExtraTreesClassifier__min_samples_leaf=18, ExtraTreesClassifier__min_samples_split=9, ExtraTreesClassifier__n_estimators=100)',)",1,0.987185060362809
"ExtraTreesClassifier(PolynomialFeatures(input_matrix, PolynomialFeatures__degree=2, PolynomialFeatures__include_bias=False, PolynomialFeatures__interaction_only=False), ExtraTreesClassifier__bootstrap=False, ExtraTreesClassifier__criterion=entropy, ExtraTreesClassifier__max_features=0.35000000000000003, ExtraTreesClassifier__min_samples_leaf=18, ExtraTreesClassifier__min_samples_split=9, ExtraTreesClassifier__n_estimators=100)",1,1,0,"('ExtraTreesClassifier(input_matrix, ExtraTreesClassifier__bootstrap=False, ExtraTreesClassifier__criterion=entropy, ExtraTreesClassifier__max_features=0.35000000000000003, ExtraTreesClassifier__min_samples_leaf=18, ExtraTreesClassifier__min_samples_split=9, ExtraTreesClassifier__n_estimators=100)',)",2,0.9868723077160905
"ExtraTreesClassifier(PCA(input_matrix, PCA__iterated_power=5, PCA__svd_solver=randomized), ExtraTreesClassifier__bootstrap=False, ExtraTreesClassifier__criterion=entropy, ExtraTreesClassifier__max_features=0.35000000000000003, ExtraTreesClassifier__min_samples_leaf=18, ExtraTreesClassifier__min_samples_split=9, ExtraTreesClassifier__n_estimators=100)",1,1,0,"('ExtraTreesClassifier(input_matrix, ExtraTreesClassifier__bootstrap=False, ExtraTreesClassifier__criterion=entropy, ExtraTreesClassifier__max_features=0.35000000000000003, ExtraTreesClassifier__min_samples_leaf=18, ExtraTreesClassifier__min_samples_split=9, ExtraTreesClassifier__n_estimators=100)',)",2,0.9859340451859371
"RandomForestClassifier(MinMaxScaler(input_matrix), RandomForestClassifier__bootstrap=True, RandomForestClassifier__criterion=entropy, RandomForestClassifier__max_features=0.05, RandomForestClassifier__min_samples_leaf=1, RandomForestClassifier__min_samples_split=16, RandomForestClassifier__n_estimators=100)",1,0,1,"('RandomForestClassifier(PolynomialFeatures(input_matrix, PolynomialFeatures__degree=2, PolynomialFeatures__include_bias=False, PolynomialFeatures__interaction_only=False), RandomForestClassifier__bootstrap=True, RandomForestClassifier__criterion=entropy, RandomForestClassifier__max_features=0.05, RandomForestClassifier__min_samples_leaf=1, RandomForestClassifier__min_samples_split=16, RandomForestClassifier__n_estimators=100)', 'RandomForestClassifier(MinMaxScaler(input_matrix), RandomForestClassifier__bootstrap=True, RandomForestClassifier__criterion=gini, RandomForestClassifier__max_features=0.2, RandomForestClassifier__min_samples_leaf=8, RandomForestClassifier__min_samples_split=4, RandomForestClassifier__n_estimators=100)')",2,0.988748461682729
"KNeighborsClassifier(input_matrix, KNeighborsClassifier__n_neighbors=3, KNeighborsClassifier__p=2, KNeighborsClassifier__weights=distance)",1,1,0,"('KNeighborsClassifier(input_matrix, KNeighborsClassifier__n_neighbors=3, KNeighborsClassifier__p=1, KNeighborsClassifier__weights=distance)',)",1,0.9778075841111967
"MLPClassifier(RobustScaler(input_matrix), MLPClassifier__alpha=0.0001, MLPClassifier__learning_rate_init=0.001)",1,1,0,"('MLPClassifier(RobustScaler(input_matrix), MLPClassifier__alpha=0.0001, MLPClassifier__learning_rate_init=0.01)',)",2,0.9887488646034693
"KNeighborsClassifier(input_matrix, KNeighborsClassifier__n_neighbors=69, KNeighborsClassifier__p=1, KNeighborsClassifier__weights=distance)",1,1,0,"('KNeighborsClassifier(input_matrix, KNeighborsClassifier__n_neighbors=3, KNeighborsClassifier__p=1, KNeighborsClassifier__weights=distance)',)",1,0.9781192854414723
"LinearSVC(SelectFwe(input_matrix, SelectFwe__alpha=0.036000000000000004), LinearSVC__C=0.0001, LinearSVC__dual=False, LinearSVC__loss=squared_hinge, LinearSVC__penalty=l2, LinearSVC__tol=0.001)",1,0,1,"('LinearSVC(SelectFwe(input_matrix, SelectFwe__alpha=0.036000000000000004), LinearSVC__C=0.0001, LinearSVC__dual=True, LinearSVC__loss=squared_hinge, LinearSVC__penalty=l2, LinearSVC__tol=0.001)', 'LinearSVC(FastICA(input_matrix, FastICA__tol=0.0), LinearSVC__C=5.0, LinearSVC__dual=False, LinearSVC__loss=squared_hinge, LinearSVC__penalty=l1, LinearSVC__tol=0.1)')",2,0.8914271806673899
"RandomForestClassifier(input_matrix, RandomForestClassifier__bootstrap=True, RandomForestClassifier__criterion=entropy, RandomForestClassifier__max_features=0.05, RandomForestClassifier__min_samples_leaf=1, RandomForestClassifier__min_samples_split=16, RandomForestClassifier__n_estimators=100)",2,0,2,"('RandomForestClassifier(PolynomialFeatures(input_matrix, PolynomialFeatures__degree=2, PolynomialFeatures__include_bias=False, PolynomialFeatures__interaction_only=False), RandomForestClassifier__bootstrap=True, RandomForestClassifier__criterion=entropy, RandomForestClassifier__max_features=0.05, RandomForestClassifier__min_samples_leaf=1, RandomForestClassifier__min_samples_split=16, RandomForestClassifier__n_estimators=100)', 'RandomForestClassifier(MinMaxScaler(input_matrix), RandomForestClassifier__bootstrap=True, RandomForestClassifier__criterion=entropy, RandomForestClassifier__max_features=0.05, RandomForestClassifier__min_samples_leaf=1, RandomForestClassifier__min_samples_split=16, RandomForestClassifier__n_estimators=100)')",1,0.9884358647725945
"RandomForestClassifier(input_matrix, RandomForestClassifier__bootstrap=True, RandomForestClassifier__criterion=gini, RandomForestClassifier__max_features=0.2, RandomForestClassifier__min_samples_leaf=8, RandomForestClassifier__min_samples_split=4, RandomForestClassifier__n_estimators=100)",2,1,0,"('RandomForestClassifier(MinMaxScaler(input_matrix), RandomForestClassifier__bootstrap=True, RandomForestClassifier__criterion=gini, RandomForestClassifier__max_features=0.2, RandomForestClassifier__min_samples_leaf=8, RandomForestClassifier__min_samples_split=4, RandomForestClassifier__n_estimators=100)',)",1,0.9887484342087488
"ExtraTreesClassifier(input_matrix, ExtraTreesClassifier__bootstrap=False, ExtraTreesClassifier__criterion=entropy, ExtraTreesClassifier__max_features=0.3, ExtraTreesClassifier__min_samples_leaf=18, ExtraTreesClassifier__min_samples_split=9, ExtraTreesClassifier__n_estimators=100)",2,2,0,"('ExtraTreesClassifier(input_matrix, ExtraTreesClassifier__bootstrap=False, ExtraTreesClassifier__criterion=entropy, ExtraTreesClassifier__max_features=0.5, ExtraTreesClassifier__min_samples_leaf=18, ExtraTreesClassifier__min_samples_split=9, ExtraTreesClassifier__n_estimators=100)',)",1,0.987185060362809
"LinearSVC(FastICA(input_matrix, FastICA__tol=0.25), LinearSVC__C=5.0, LinearSVC__dual=False, LinearSVC__loss=squared_hinge, LinearSVC__penalty=l1, LinearSVC__tol=0.1)",2,1,0,"('LinearSVC(FastICA(input_matrix, FastICA__tol=0.0), LinearSVC__C=5.0, LinearSVC__dual=False, LinearSVC__loss=squared_hinge, LinearSVC__penalty=l1, LinearSVC__tol=0.1)',)",2,0.9887484021523804
"BernoulliNB(input_matrix, BernoulliNB__alpha=0.001, BernoulliNB__fit_prior=False)",2,2,0,"('LinearSVC(input_matrix, LinearSVC__C=5.0, LinearSVC__dual=False, LinearSVC__loss=squared_hinge, LinearSVC__penalty=l1, LinearSVC__tol=0.1)',)",1,0.8983005714115112
"MLPClassifier(RobustScaler(input_matrix), MLPClassifier__alpha=0.001, MLPClassifier__learning_rate_init=0.001)",2,2,0,"('MLPClassifier(RobustScaler(input_matrix), MLPClassifier__alpha=0.0001, MLPClassifier__learning_rate_init=0.001)',)",2,0.9881239607426588
"KNeighborsClassifier(input_matrix, KNeighborsClassifier__n_neighbors=70, KNeighborsClassifier__p=1, KNeighborsClassifier__weights=uniform)",2,1,0,"('ExtraTreesClassifier(input_matrix, ExtraTreesClassifier__bootstrap=False, ExtraTreesClassifier__criterion=entropy, ExtraTreesClassifier__max_features=0.35000000000000003, ExtraTreesClassifier__min_samples_leaf=18, ExtraTreesClassifier__min_samples_split=9, ExtraTreesClassifier__n_estimators=100)',)",1,0.9637320498851503
"LinearSVC(ZeroCount(input_matrix), LinearSVC__C=5.0, LinearSVC__dual=False, LinearSVC__loss=squared_hinge, LinearSVC__penalty=l1, LinearSVC__tol=0.1)",2,2,0,"('LinearSVC(input_matrix, LinearSVC__C=5.0, LinearSVC__dual=False, LinearSVC__loss=squared_hinge, LinearSVC__penalty=l1, LinearSVC__tol=0.1)',)",2,0.9887484021523804
"MLPClassifier(Binarizer(input_matrix, Binarizer__threshold=0.05), MLPClassifier__alpha=0.0001, MLPClassifier__learning_rate_init=0.001)",2,2,0,"('MLPClassifier(RobustScaler(input_matrix), MLPClassifier__alpha=0.0001, MLPClassifier__learning_rate_init=0.001)',)",2,0.9849979168154153
